"id","name","email","password","created_on"
116,Thomas,Thomas@gmail.com,"1fef4",2021-03-26 00:00:00
118,Michael,Michael@gmail.com,"12333",2021-01-26 00:00:00
119,Elliott,Elliott@gmail.com,"12333",2021-02-26 00:00:00
120,James,James@gmail.com,"12333",2021-03-26 00:00:00
121,Steven,Steven@gmail.com,"12333",2021-04-26 00:00:00
122,Anna_5,Anna_5@gmail.com,"332f2",2021-05-26 00:00:00
123,Anna_6,Anna_6@gmail.com,"332f2",2021-06-26 00:00:00
124,Anna_7,Anna_7@gmail.com,"332f2",2021-07-26 00:00:00
125,Anna_8,Anna_8@gmail.com,"332f2",2021-08-26 00:00:00
126,Anna_9,Anna_9@gmail.com,"332f2",2021-09-26 00:00:00
127,"8_Jermaine","8_Jermaine@gmail.com","332f2",2021-09-26 00:00:00
129,"8_Mabel","8_Mabel@gmail.com","332f2",2021-09-26 00:00:00
131,"8_Mary","8_Mary@gmail.com",ev42f2,2021-11-12 00:00:00
132,"8_Yoshie","8_Yoshie@gmail.com",ev42f2,2021-12-12 00:00:00
133,"8_Alice","8_Alice@gmail.com",ev44ff,2021-03-15 00:00:00
134,"8_David","8_David@gmail.com",ev44ff,2021-04-15 00:00:00
135,"8_Robert","8_Robert@gmail.com",ev44ff,2021-05-15 00:00:00
136,"8_Stanley","8_Stanley@gmail.com","3ev44ff",2021-07-12 00:00:00
137,"8_James","8_James@gmail.com","4ev44ff",2021-07-12 00:00:00
138,"8_Patty","8_Patty@gmail.com","5ev44ff",2021-07-12 00:00:00
139,"8_Jackson","8_Jackson@gmail.com","1ev44ff",2021-07-12 00:00:00
140,"8_Frank","8_Frank@gmail.com","2ev44ff",2021-07-12 00:00:00
141,"8_William","8_William@gmail.com","3ev44ff",2021-07-12 00:00:00
142,"8_Norris","8_Norris@gmail.com","4ev44ff",2021-07-12 00:00:00
143,"8_Earl","8_Earl@gmail.com","1m313",2021-07-12 00:00:00
146,"8_Sylvia","8_Sylvia@gmail.com","1m313",2021-07-12 00:00:00
147,"8_Kathleen","8_Kathleen@gmail.com","1m313",2021-07-12 00:00:00
148,"8_Dallas","8_Dallas@gmail.com","1m313",2021-07-12 00:00:00
149,"8_Tamera","8_Tamera@gmail.com","1m313",2021-07-12 00:00:00
150,Andrey_1,Andrey_1@gmail.com,"1m313",2021-07-12 00:00:00
151,Andrey_2,Andrey_2@gmail.com,"1m313",2021-07-12 00:00:00
152,Andrey_3,Andrey_3@gmail.com,"1m313",2021-07-12 00:00:00
153,Andrey_4,Andrey_4@gmail.com,"1m313",2021-07-12 00:00:00
154,Andrey_5,Andrey_5@gmail.com,"1m313",2021-07-12 00:00:00
155,Andrey_6,Andrey_6@gmail.com,"1m313",2021-07-12 00:00:00
156,Leticia_Long,Leticia_Long@gmail.com,"123313",2021-07-12 00:00:00
157,Christopher_Kumro,Christopher_Kumro@gmail.com,"123313",2021-07-12 00:00:00
158,Olive_Warne,Olive_Warne@gmail.com,"123313",2021-07-12 00:00:00
159,Kenneth_Coleman,Kenneth_Coleman@gmail.com,"123313",2021-07-12 00:00:00
160,William_Owen,William_Owen@gmail.com,"123313",2021-07-12 00:00:00
161,Richard_Laflam,Richard_Laflam@gmail.com,"4f4v3ff",2020-10-03 00:00:00
162,Bettye_Bevington,Bettye_Bevington@gmail.com,"4f4v3ff",2020-10-03 00:00:00
163,Frida_Krieger,Frida_Krieger@gmail.com,"4f4v3ff",2020-10-03 00:00:00
164,Rocky_Siddon,Rocky_Siddon@gmail.com,"9vjj94v",2021-05-19 00:00:00
165,Veronica_Jones,Veronica_Jones@gmail.com,"9vjj94v",2021-05-19 00:00:00
166,Michael_Carrano,Michael_Carrano@gmail.com,"9vjj94v",2021-05-19 00:00:00
167,Joanne_Hubler,Joanne_Hubler@gmail.com,"9vjj94v",2021-03-26 00:00:00
168,Thomas_Patel,Thomas_Patel@gmail.com,"9vjj94v",2021-03-26 00:00:00
169,Angelina_Venezia,Angelina_Venezia@gmail.com,"9vjj94v",2021-03-26 00:00:00
170,Albert_Madrigal,Albert_Madrigal@gmail.com,"8vj1j91",2021-01-11 00:00:00
171,Alice_Garner,Alice_Garner@gmail.com,"8vj2j92",2021-02-12 00:00:00
172,Shirley_Hartung,Shirley_Hartung@gmail.com,"8vj3j93",2021-03-13 00:00:00
173,Derrick_Gary,Derrick_Gary@gmail.com,"8vj4j94",2021-04-14 00:00:00
174,Pauline_Moody,Pauline_Moody@gmail.com,"8vj5j95",2021-05-15 00:00:00
175,John_Perez,John_Perez@gmail.com,"8vj6j96",2021-06-16 00:00:00
176,Philip_Wilde,Philip_Wilde@gmail.com,"8vj7j97",2021-07-17 00:00:00
177,Debra_Holland,Debra_Holland@gmail.com,"8vj8j98",2021-08-18 00:00:00
178,Amy_Mcmanus,Amy_Mcmanus_1@gmail.com,"8vj1j91",2021-01-11 00:00:00
179,Karl_Storie,Karl_Storie_2@gmail.com,"8vj2j92",2021-02-12 00:00:00
180,Christine_Ackland,Christine_Ackland_3@gmail.com,"8vj3j93",2021-03-13 00:00:00
181,Joseph_Spradlin,Joseph_Spradlin_4@gmail.com,"8vj4j94",2021-04-14 00:00:00
182,James_Bradford,James_Bradford_5@gmail.com,"8vj5j95",2021-05-15 00:00:00
183,Sadie_Mcdougall,Sadie_Mcdougall_6@gmail.com,"8vj6j96",2021-06-16 00:00:00
184,Gerald_Gross,Gerald_Gross_7@gmail.com,"8vj7j97",2021-07-17 00:00:00
185,Frederick_Bumbrey,Frederick_Bumbrey_8@gmail.com,"8vj8j98",2021-08-18 00:00:00
186,Abbey_Tracy,Abbey_Tracy_1@gmail.com,"8vj1j91",2021-01-11 00:00:00
187,Bryan_Miller,Bryan_Miller_2@gmail.com,"8vj2j92",2021-02-12 00:00:00
188,Anita_Frederick,Anita_Frederick_3@gmail.com,"8vj3j93",2021-03-13 00:00:00
189,Ernest_Wood,Ernest_Wood_4@gmail.com,"8vj4j94",2021-04-14 00:00:00
190,Mary_Tornow,Mary_Tornow_5@gmail.com,"8vj5j95",2021-05-15 00:00:00
191,Marion_Daniel,Marion_Daniel_6@gmail.com,"8vj6j96",2021-06-16 00:00:00
192,Carey_Biro,Carey_Biro_7@gmail.com,"8vj7j97",2021-07-17 00:00:00
193,Brenda_Walstrum,Brenda_Walstrum_8@gmail.com,"8vj8j98",2021-08-18 00:00:00
194,Jack_Stensrud,Jack_Stensrud_1@gmail.com,"8vj1j91",2021-01-11 00:00:00
195,Dennis_Carr,Dennis_Carr_2@gmail.com,"8vj2j92",2021-02-12 00:00:00
196,Jimmy_Robinson,Jimmy_Robinson_3@gmail.com,"8vj3j93",2021-03-13 00:00:00
197,Randall_Strop,Randall_Strop_4@gmail.com,"8vj4j94",2021-04-14 00:00:00
198,Steven_Melancon,Steven_Melancon_5@gmail.com,"8vj5j95",2021-05-15 00:00:00
199,Donna_Mellish,Donna_Mellish_6@gmail.com,"8vj6j96",2021-06-16 00:00:00
200,Scott_Beaty,Scott_Beaty_7@gmail.com,"8vj7j97",2021-07-17 00:00:00
201,Enrique_Gibson,Enrique_Gibson_8@gmail.com,"8vj8j98",2021-08-18 00:00:00
202,Stanley_Hickman,Stanley_Hickman_1@gmail.com,"8vj1j91",2021-01-11 00:00:00
203,Gloria_Mercado,Gloria_Mercado_2@gmail.com,"8vj2j92",2021-02-12 00:00:00
204,Michael_White,Michael_White_3@gmail.com,"8vj3j93",2021-03-13 00:00:00
205,Milton_Russell,Milton_Russell_4@gmail.com,"8vj4j94",2021-04-14 00:00:00
206,Tanya_Aki,Tanya_Aki_5@gmail.com,"8vj5j95",2021-05-15 00:00:00
207,Dawn_Dwelle,Dawn_Dwelle_6@gmail.com,"8vj6j96",2021-06-16 00:00:00
208,Rex_Wilson,Rex_Wilson_7@gmail.com,"8vj7j97",2021-07-17 00:00:00
112,Vadim,Vadim@gmail.com,"1fef4",2021-03-26 00:00:00
113,Pam,Pam@gmail.com,"1fef4",2021-03-26 00:00:00
130,"8_Jarred_9","8_Jarred@gmail.com",ev42f2,2021-10-12 00:00:00
115,Marlin,Marlin@gmail.com,"1fef4",2021-03-26 00:00:00
128,"8_Terence","8_Terence@gmail.com","332f2",2021-08-26 00:00:00
209,Donald_Hayner,Donald_Hayner_8@gmail.com,"8vj8j98",2021-08-18 00:00:00
210,Elmer_Dixon,Elmer_Dixon_1@gmail.com,"8vj1j91",2021-01-11 00:00:00
211,Steven_Horton,Steven_Horton_2@gmail.com,"8vj2j92",2021-02-12 00:00:00
212,Fay_Akins,Fay_Akins_3@gmail.com,"8vj3j93",2021-03-13 00:00:00
213,Jay_Biggs,Jay_Biggs_4@gmail.com,"8vj4j94",2021-04-14 00:00:00
214,Marie_Casto,Marie_Casto_5@gmail.com,"8vj5j95",2021-05-15 00:00:00
215,Kenneth_Jackson,Kenneth_Jackson_6@gmail.com,"8vj6j96",2021-06-16 00:00:00
216,Sam_Williams,Sam_Williams_7@gmail.com,"8vj7j97",2021-07-17 00:00:00
217,Virginia_Bruce,Virginia_Bruce_8@gmail.com,"8vj8j98",2021-08-18 00:00:00
117,Josefina,Josefina@gmail.com,"3332e",2021-03-26 00:00:00
218,Klim,klim@gmail.com,q23ref2,2022-02-18 20:06:50
219,vadim,vik@gmai.com,"123456",2022-02-18 20:06:59
220,Vadim_32,Vadim_32@gmail.com,"3ef23ef22",2022-02-18 20:07:10
222,vadim,vik123@gmai.com,"123456",2022-02-18 20:09:56
224,viktor,vik12356@gmai.com,"123456",2022-02-18 20:11:28
225,None,None,None,2022-02-18 20:13:18
226,Dima0,Dima@gmail.com0,Dima2e2efe2f0,2022-02-18 20:13:45
227,Dima1,Dima@gmail.com1,Dima2e2efe2f1,2022-02-18 20:13:45
228,Dima2,Dima@gmail.com2,Dima2e2efe2f2,2022-02-18 20:13:45
229,Dima3,Dima@gmail.com3,Dima2e2efe2f3,2022-02-18 20:13:45
230,viktor,vik12356@gmail.com,"123456",2022-02-18 20:13:17
232,qw,wqw,qwqw,2022-02-18 20:42:47
233,Dima,Dima123@gmail.com,"12jjsd4",2022-02-18 20:51:46
239,Artem,artem@mail.ru,"321123",2022-02-18 22:47:20
241,Elena,efwwf@gwrg.wrg,"12345678",2022-02-19 15:58:31
240,Artem1,artem1@mail.ru,"321123",2022-02-18 23:41:39
242,Garret,aa@aaaaa.aa,"1234445",2022-02-21 12:51:58
245,Garret,dasddnadbadada@gmail.com,"1234445",2022-02-21 13:02:15
246,kek,kek@yahoo.com,qwqw,2022-02-22 18:38:40
247,Valentin,val@gmail.com,eee123,2022-02-22 19:50:28
253,Val,val123@gmail.com,qqq123,2022-02-22 20:04:57
254,Valik0,valik123@gmail.com,qqq,2022-02-22 20:17:27
257,PAvel,PAvel@test.com,"123456",2022-03-01 16:07:13
259,PAvel,PAve1l@test.com,"123456",2022-03-01 16:13:20
260,Dima_vaflya0,Dima_vaflya@test.com0,"123456Dima_vaflya0",2022-03-01 16:32:59
261,Dima_vaflya1,Dima_vaflya@test.com1,"123456Dima_vaflya1",2022-03-01 16:33:00
262,Dima_vaflya2,Dima_vaflya@test.com2,"123456Dima_vaflya2",2022-03-01 16:33:00
263,Dima_vaflya3,Dima_vaflya@test.com3,"123456Dima_vaflya3",2022-03-01 16:33:00
626,Sergey,gmail.com,"2702",2022-10-18 00:00:00
627,Sergey H,gmail.comy,__,2022-10-18 00:00:00
628,Sergey,gmail.comt,"",2022-10-18 00:00:00
